X;Y;OBJECTID;IID;Malemetode;Noyaktighe;Synbarhet;Omradenavn;Shape_area;Shape_len;IID_1;Naturtype;Verdi;Registreri;Stedkvalit;Utforming;Tilstand;Utvalgt;MobLandPri;Forvaltnin;Gjennomsni;Modellert;Innledning;Beliggenhe;Naturtyper;Artsmangfo;Pavirkning;FremmedeAr;Skjotsel;Landskap;Verdibegru;UtvalgtNat;Forvaltn_1;Forvaltn_2;Forvaltn_3;Mangler;IID_12;Kommune;AREA;PERIMETER;Rang;Stratum
307692.2152396196;6734316.3243573913;51630;BN00039896;0;0;0;Barkilsetra;25374.00851480000;655.36834633600;BN00039896;D04;A;2003/05/02;0;;0;0;7;0;0;0;Områdebeskrivelsen er mangelfull og vil på sikt bli oppdatert i samsvar med gjeldende kartleggingshåndbok.  Status: Intakt.;;;;;;;;;0;0;;;;BN00039896;0417;25374.008911;655.368346;2;D04 20+
266286.42780134367;6613688.643620328;72435;BN00051922;0;0;0;Bjørnstad IV;2886.74029285000;287.74644812800;BN00051922;D04;C;2004/10/20;4;;0;0;7;0;0;0;Mindre areal med beitemark hvor det finnes innslag av noen naturbeitemarksarter. Noe tresatt på toppen av bakken. Lite areal og delvis gjødselpåvirket gir lokal verdi (C verdi).;;;;;;Det bør fortsettes og beite og dette må gjerne utvides. Det er ønskelig at det ikke gjødsles i områder hvor det ikke har vært gjødslet tidligere.;;;0;0;;;;BN00051922;0214;2886.740601;287.746448;5;D04 0-5
224103.31526085912;6559427.3352857092;12753;BN00002453;0;0;0;Hybbestad;23639.75784010000;852.70002035100;BN00002453;D04;C;2000/11/20;4;;0;0;7;0;0;0;"DATAKVALITET: God.  Lokaliteten mangler/har utilstrekkelig områdebeskrivelse, og/eller andre mangler i datagrunnlaget som på sikt skal rettes opp. Ansvaret for oppdateringen ligger hos Direktoratet for naturforvaltning. Arbeidet skjer i nært samarbeid";;Eik/Bjørk.;;TRUSSEL: Arealbruk.;;;;;0;0;;;;BN00002453;0709;23639.757935;852.700020;9;D04 20+
261048.39293179501;6726760.2105685249;25055;BN00013056;0;0;0;Engenstranda Camping;20273.93252840000;664.13613188800;BN00013056;D01;B;2000/09/12;0;;0;1;7;0;0;0;Delvis ødelagt;;;;;;;;;1;0;;;;BN00013056;0529;20273.933228;664.136132;4;D01 20+
260284.57699621338;6739681.1187171424;25188;BN00013184;0;0;0;Ringveien 2-6;1228.14630809000;167.04669444800;BN00013184;D01;B;2000/09/12;0;;0;1;7;0;0;0;Delvis ødelagt;;;;;;;;;1;0;;;;BN00013184;0529;1228.146118;167.046694;2;D01 0-5
258829.67311778932;6739231.7776599275;25051;BN00013052;0;0;0;Veltstuen;27661.84343960000;909.35640795100;BN00013052;D04;B;1999/12/22;0;;0;0;7;0;0;0;Intakt;;;;;;;;;0;0;;;;BN00013052;0529;27661.843384;909.356408;6;D04 20+
231375.3566177937;6618549.9235388786;30641;BN00018590;0;0;0;Lærum Sør;13351.90338830000;884.73962492900;BN00018590;D04;B;2002/01/01;0;;0;0;7;0;0;0;"Lokalitetskrivelse innlagt av FNB den 13.09.2004:
Bekkeravine med beitemark og innslag av edelløvtrær som eik, ask og hassel, samt gråor langs bekken. Utgjør sammen med områdene langs Bremsa og Leirelva videre oppover, et sammenhengende område med";;;;;;;;;0;0;;;;BN00018590;0713;13351.903564;884.739625;6;D04 5-20
158510.47904478479;6871517.5255573737;33657;BN00020977;0;0;0;Solsida opp til Flå (til og med Åmillom);3654.79351166000;291.76391391800;BN00020977;D04;B;2001/01/01;0;;0;0;7;0;0;0;;;;;;;;;;0;0;;;;BN00020977;0514;3654.793457;291.763914;7;D04 0-5
200528.86653146098;6781930.990819863;29823;BN00017778;0;0;0;Marke;4163.66317977000;334.10917150900;BN00017778;D04;C;2003/12/08;0;;0;0;7;0;0;0;"Hovedsaklig beitet, men noe slått.";;;;;;;;;0;0;;;;BN00017778;0541;4163.663330;334.109172;4;D04 0-5
258073.34162740642;6693384.8186382428;35079;BN00022832;0;0;0;Berg;14776.54342680000;553.06835018500;BN00022832;D04;A;2004/04/19;0;;0;0;7;0;0;0;;"Lokaliteten ligger V for Løken, dvs. mellom Nordre Oppdalsveien V for Elsjøen og veien over Råstadbakka., ca. 330-380 m o.h. Berggrunnen er i hovedsak preget av oppstikkende, N-S-gående rygger av rombeporfyr (en lavabergart), men det er også noe ord";"De grunnlendte ryggene med oppstikkende rombeporfyr-berg er dominert av kortvokste, beitede tørrenger. Engene er av middels rik type, gjerne grasdominert med mye engkvein. Rett NØ for gården er det store engarealer med relativt lite berg i dagen. Litt";"Lokaliteten har rikelig med (middels) rik tørreng og gråor-askeskog. Store arealer med velhevdet og variert, gammel natureng tilsier at lokaliteten bør kunne huse størrelsesorden 5-10 rødlistearter av beitemarksopper, så vel som vedboende rødliste";;;;;;0;0;;;;BN00022832;0533;14776.543945;553.068350;1;D04 5-20
289904.44471391325;6639297.4109314596;37399;BN00025048;0;0;0;Ulverud I;2376.03759471000;232.39965909400;BN00025048;D04;B;2002/01/18;0;;0;0;7;0;0;0;Stort beitelandskap. Ungdyr av storfe bør sette ut i tillegg til hest. Tre forskjellige kjerneområder som har mer intakt naturbeite.;;;;;;Fortsatt beite. Ungdyr av storfe bør sette ut i tillegg til hest.;;;0;0;;;;BN00025048;0227;2376.037720;232.399659;3;D04 0-5
252089.74440814141;6855850.8307500072;39022;BN00026460;0;0;0;Kolstad;59488.92867030000;1543.13694594000;BN00026460;D04;C;2005/06/29;0;;0;0;7;0;0;0;Gjødselspåvirket beitebakke med skrinnere artsrike kanter. Forslag til skjøtsel og hensyn: Beite bør opprettholdes/gjenopptas og gjødsling unngås.Feltregistrert av Siste Sjanse 29.6.05 Sørvendte engbakker ved gårdene på Kolstad. Engene benyttes;;;;;;;;;0;0;;;;BN00026460;0430;59488.928955;1543.136946;8;D04 20+
274624.08286056801;6722765.2353338012;41446;BN00028487;0;0;0;Oksbakken;60804.83703740000;1211.05704281000;BN00028487;D04;B;1999/03/28;0;;0;0;7;0;0;0;Områdebeskrivelse innlagt av GGa den 01.03.2000:  Beskrivelsen er basert på Gaarder (1999).    Oksbakken har den største sammenhengende beitemarka på Totenåsen nest etter Hersjøsætra. Det meste av engarealene har fått vesentlig redusert naturverd;;;;;;Nåværende skjøtsel med et godt og variert beitetrykk er viktigste form for hevd. Noe nytt forsøk på tilplanting frarådes og erfaringene fra forrige forsøk tilsier vel heldigvis antagelig at dette heller ikke lenger er aktuelt eller særlig popul;;"Ut fra beitemarkssopp-poeng ville lokaliteten ikke få spesiell naturverdi, men forekomst av en kravfull rødliste-art samt det store totalarealet gir lokaliteten lokal naturverdi.";0;0;;;;BN00028487;0528;60804.837158;1211.057043;10;D04 20+
205344.6219453236;6675745.839164746;42145;BN00029416;0;0;0;Brekka;7766.36603838000;422.28376586700;BN00029416;D01;C;2004/11/12;0;;0;0;7;0;0;0;En lang rekke naturengarter er registrert i de østvendte blomsterbakkene.;;"Naturengarter som smalkjempe, gjeldkarve, karve, jonsokkoll, prestekrage, markjordbær, tepperot, gulaks, rødknapp, tiriltunge, ballblom, vårpengeurt og tveskjeggveronika er registrert. Det er også mye marinøkkel på lokaliteten (Thure Lund pers.medd";;"Plassen ligger vakkert innrammet i skog, er lite preget av nyere inngrep og har en variert blomstereng.";;;;;0;0;;;;BN00029416;0622;7766.366211;422.283766;4;D01 5-20
197850.62004763374;6626104.7818758106;50228;BN00039070;0;0;0;Storåsen;50040.92699750000;1675.71815287000;BN00039070;D01;B;2006/08/17;0;;0;1;7;0;0;0;"Området utgjøres av en markert ås på vestsiden av Kongsberg by. Høyt og fritt over byen ligger rester av gamle jordlapper, vakkert omkranset av lave steingjerder. Lokaliteten er et svært vekslende kulturlandskap, flere steder på vei til gro igjen";;;"Det er registrert: kvastsveve, engnellik, gulmaure, småengkall, storarve, flekkgriseøre, fjellrapp, knollerteknapp, sølvmure, dvergforglemmegei, vårbendel, hanekam, slåttestarr, berberis, svarterteknapp, skogskolm, fjelltimotei og bjønnbrodd.";;;;;"Området har et representativt og middels interessant utvalg av flora og vegetasjon, med enkelte interessante arter. Området vurderes ha middels til høy botanisk verdi.";1;0;;;;BN00039070;0604;50040.927368;1675.718153;7;D01 20+
197173.71427414005;6614829.5524698459;50220;BN00039062;0;0;0;Sagvollen;23791.52093790000;715.64450640000;BN00039062;D01;B;2006/08/16;0;;0;1;7;0;0;0;"Sagvollen ligger i Ljøterudgrenda, som ligger sørvest for hovedbygda i Sandvær. Berggrunnen i området består av kalk. Den botanisk interessante delen av lokaliteten består i slåtteenger rundt bebyggelsen og ei mindre eng nedenfor veien.";;;"På de kalkrike engene ble det registrert: hjertegras, storblåfjær, dunkjempe, brudespore, småengkall, ballblom, hanekam, gulstarr, slåttestarr, trådsiv, prestekrage, smalkjempe, marianøkleblom, bråtestarr, flekkmure, kattefot, fjellrapp, ettårsk";;;;;;1;0;;;;BN00039062;0604;23791.521240;715.644506;3;D01 20+
269974.02275454259;6760913.4547954425;122481;BN00082401;0;0;0;Tandestua S;23225.33139120000;779.45214556700;BN00082401;D04;B;2010/09/18;4;D0413;1;0;7;0;0;0;Lokaliteten er kartlagt av BioFokus ved Jenny M. Gulbrandsen den 17.09.2010 og Torbjørn Høitomt den 18.09.2010 i forbindelse med naturtypekartlegging i Ringsaker kommune.;"Tande ligger nord for Ringsaker stasjon i Ringsaker kommune. Berggrunnen i området er hovedsakelig fattig, men har i dette området overgang til kalkstein/dolomitt med  kalkskifer og stedvis rikt jordsmonn.";"Avgrensningen gjelder naturtypen naturbeitemark med utformingen frisk næringsrik natureng. Avgrensningen inkluderer ikke den vestligste delen av beitemarken, hvor det er plassert en fôringsstasjon og hvor marken er veldig tråkk- og næringspåvirket.";"Det er registrert flere beitemarkssopper på lokaliteten: liten mønjevokssopp, engvokssopp, kjeglevokssopp, krittvokssopp og skjør vokssopp. Det er potensial for flere.";"Beitet er ved relativt god hevd, men flere områder har begrenset verdi på grunn av næringstilførsel og tråkk. Dette gjelder spesielt området i vest som ikke er med i avgrensningen.";Det vokser lupiner langs veien på oversiden av beitemarken.;"Lokaliteten er godt hevdet med beite av kveg, og dette bør opprettholdes. Det er spesielt gunstig med noe intensivt beite på sensommeren fordi mange beitemarkssopp foretrekker kort feltsjikt. Det bør på sikt vurderes om lokaliteten kan utvides dersom";Tande er et kulturlandskap med en mosaikk av dyrket mark og tradisjonelt hevdet beitemark. Det er fortsatt mye husdyrhold i området. Mellom teigene er det tresatte kantsoner og ned mot jernbanen ligger en dam.;"Lokaliteten er godt hevdet. Selv om karplantemangfoldet er relativt lavt, er det funnet beitemarkssopp på lokaliteten, og det er ytterligere potensial for flere. Lokaliteten inngår dessuten i et helhetlig kulturlandskap. Avgrensningen vurderes derfor s";0;0;;;;BN00082401;0412;23225.331543;779.452146;7;D04 20+
315248.13623468636;6717192.4164674953;86896;BN00063310;0;0;0;Nysætra (ved Juråa);8750.30023719000;363.61279136700;BN00063310;D04;B;2008/06/26;4;D0404;1;0;7;0;0;0;"Registrert: 26.06.2008 Kjell Magne Olsen Hevd: Middels Nåværende bruk: Beite (sau) Tidligere bruk: Seterdrift frem til 1970 Beskrivelse: Nysætra (Tannes) ligger vest for Juråa langt nord i kommunen, ikke så langt nord for en annen setervoll, Bjørns";;;;;;"Opprettholde beitetrykk, sørge for at bygninger med gråsotbeger ikke forfaller.";;"Totalt er dette et relativt godt ivaretatt seterlandskap, med bra beitetrykk på et nokså stort areal med natureng, samt forekomst av en sårbar lavart, og området gis verdi viktig B.";0;0;;;;BN00063310;0418;8750.300171;363.612791;7;D04 5-20
336848.29699696344;6664542.131750742;105752;BN00073917;0;0;0;Dalsberget;22969.78322640000;649.56952887300;BN00073917;D01;B;1999/07/02;1;D0107;1;1;7;0;0;0;"Denne lokaliteten er kartlagt som en del av et kulturlandskapsprosjekt (Supplerende kartlegging av kulturbetinget biologisk mangfold i Hedmark). Områdebeskrivelse, verdibegrunnelse og egenskaper kan derfor avvike noe fra det som ville blitt resultatet v";;;;;;;;;1;0;;;;BN00073917;0420;22969.783447;649.569529;8;D01 20+
186660.58296642738;6874105.3990117945;71072;BN00050962;0;0;0;Helle - vest for Hellelykkja;3661.60410131000;243.30811114900;BN00050962;D04;B;2007/09/17;3;D0407;0;0;7;0;0;0;"Lokalitetsbeskrivelse innlagt av BHL den 26.03.2008, basert på eget feltarbeid 17.09.2007.";"Lokaliteten ligger i Øvre Nordherad, nedenfor Øverbygdsvegen mellom Kvarberg og Valbjør. Den er skarpt avgrenset og skilt med gjerde mot dyrket mark i øst, mens det er ganske skarpt skille mot noe beitet skog rundt resten av lokaliteten. Det går et";"Ei smal stripe med åpen, ugjødslet naturbeitemark vest for dyrkemarka på Hellelykkja. Vegetasjonstype er en friskere lågurteng (G7b) enn det vi vanligvis finner i Nordherad, samt at sølvbunkeeng (G3) inngår i forsenkninger.";"Også her dominerte de vanlig tørrengartene for Nordherad, men i forsenkninger dominerte sølvbunke. Det ble bl.a. funnet noe smalfrøstjerne (VU). På tross av en lengre periode uten nedbør ble det funnet noen eksemplarer av rombesporet rødskivesopp";"Området beites av storfe, og beitetrykket er godt.";;"Det er viktig at beitetrykket opprettholdes på lokaliteten, samtidig som det ikke gjødsles eller tilleggsfores. Lauvoppslag bør holdes nede manuelt, dersom det ikke blir beitet ned.";;Forekomst av en sårbar art og godt potensial for beitemarkssopp tilsier at lokaliteten skal ha verdien viktig (B).;0;0;;;;BN00050962;0515;3661.604248;243.308111;9;D04 0-5
338987.72209971544;6667877.7272881567;79163;BN00058668;0;0;0;Dalsberget;136336.15663400001;1358.91590981000;BN00058668;D01;A;2003/07/01;4;;0;1;7;0;0;0;"Sørvendt slåtteeng og hestebeite. I tørre og litt knausete randsoner finnes fortsatt flekker med verdifull natureng. Funn av en rekke rødlistede karplanter (vårveronika, solblom, bakkesøte og brudespore) og ellers en rik flora (f.eks. gravbergknapp";;;;;;Bør beites;;;1;0;;;;BN00058668;0420;136336.156738;1358.915910;6;D01 20+
329814.21668465418;6652138.0708707068;79193;BN00058698;0;0;0;Hedum;22737.18692750000;606.22362683400;BN00058698;D01;B;2003/07/01;4;;3;1;7;0;0;0;"En liten tørrbakke på vestsiden av vegen opp til tunet og gjengroende løvenger på oversiden og østsiden av tunet. Hevden har opphørt, og området er noe i forfall. Funn av flere interssante og rødlistede arter gir verdi som viktig (B verdi) til tr";;;;;;Bør slås eller beites. Et egnet restaureringsobjekt da gjengroingen er kommet ganske kort.;;;1;0;;;;BN00058698;0420;22737.186890;606.223627;2;D01 20+
198995.71742437693;6869593.1667603785;71108;BN00050998;0;0;0;Reinshus;15372.57225110000;577.77205250600;BN00050998;D04;B;2007/08/20;3;D0407;0;0;7;0;0;0;"Lokalitetsbeskrivelse innlagt av BHL den 28.01.2008, basert på eget feltarbeid 20.08.2007:";"Reinshus ligger nordvest for Bolstad i solsida langs Lalmsvatnet. Lokaliteten er skarpt avgrenset og skilt med gjerde mot naboeiendommer i nordvest, nordøst og sørøst, mens det er gradvis og diffus overgang mot mer gjødslet eng i sørvest.";"Kalkrik, men noe gjødslet naturbeitemark med tørkesvake enger. Lågurteng av dunkjempe-utforming (G7b) dekker det meste av arealet, men i den øvre del er det også mindre arealer med bergknaussamfunn av bakkemynte-hvitbergknapp-utforming (F3b)";"Artsrike tørrenger med dominans av dunkjempe, gulmaure, gjeldkarve ryllik og sauesvingel. Også mer oppgjødslede partier med mye føllblom, hvitkløver og ryllik. På knausene var det typisk bergflateinventar med bakkemynte, sølvmure, smånøkkel (NT)";"Lokalieteten beites av sau og storfe i kombinasjon, og beitetrykket er godt. Dette er trolig en ideell skjøtsel, men det er uheldig at det gjødsles.";;For å bevare naturverdiene er det viktig at det opprettholdes et godt beitetrykk (moderat til ekstensivt beite er det beste). Lokaliteten bør ikke gjødsles.;"Del av helhetlig landskap: Berggrunnen i solsida langs Lalmsvatnet består av neringsrik og kalkholdig glimmerskifer og grønnstein. Lokaliteten ligger i ei bratt, sørvestvendt li. Jordsmonnet hertynt og berget stikker fram flere steder.";Forekomst av to rødlistearter og god hevd gjør at lokaliteten får verdien viktig (B).;0;0;;;;BN00050998;0515;15372.572021;577.772053;3;D04 5-20
201395.43985796339;6859050.4886792274;71213;BN00051101;0;0;0;Heringstad;30679.03984620000;884.98485877900;BN00051101;D04;B;2008/10/06;3;D0407;2;0;7;0;0;0;"Lokalitetsbeskrivelse innlagt av BHL den 08.12.2008, basert på eget feltarbeid 06.10.2008.";"Lokaliteten ligger oppe i solsida i Øvre Heidal og omfatter beitebakkene sørøst for tunet på Heringstad. Grensene er diffuse pga gradvis overgang mot gjengroingsområder omkring det meste av lokaliteten, men i nordvest er det skarp grense mot kulture";"Hovedtype er naturbeitemark med dunkjempe-gjeldkarve-utforming av dunhavreeng (G7b). Noe uryddig område med mosaikk av gjengroende eng og bra hevdet eng, samt områder med mer preg av beiteskog. Mye gråoroppslag og einerpartier.";"Tørrengvegetasjon med gjeldkarve, dunkjempe, hvitmaure, aurikkelsveve, flekkmure og fløyelsmarikåpe som dominerende arter på de best beitede arealene. Smalfrøstjerne (VU) ble funnet på flere steder. Av beitemarkssopp ble kun grønn vokjssopp regist";Moderat til dårlig beitetrykk med storfe. Ugjødslet. Ryddet en del lauvskog i det seinere. Det går en traktorveg gjennom beitet.;;Beitetrykket kan med fordel økes noe og ryddingen av lauvkratt bør fortsette. Det må ikke gjødsles eller tilleggsfores på lokaliteten.;;God forekomst av en sårbar art på en lokalitet i hevd gir grunnlag for verdi viktig (B).;0;0;;;;BN00051101;0517;30679.040161;884.984859;4;D04 20+
199223.95417352609;6867771.7934507802;70950;BN00050840;0;0;0;Kolstad;7932.30973390000;353.16250056800;BN00050840;D04;C;2007/08/20;3;D0407;0;0;7;0;0;0;"Lokalitetsbeskrivelse innlagt av BHL den 28.01.2008, basert på eget feltarbeid 22.07. og 20.08.2007:";"Lokaliteten ligger helt sør i solsida langs Lalmsvatnet. Den er skilt med gjerde mot skog og boligtomt mot nord, og skarpt avgrenset mot dyrket mark i sørvest - mens det er mer diffus overgang mot mer gjødslede arealer ned mot tunet i vest. Naturgrun";"Naturbeitemark med dunhavreeng (G7b) på det meste av realet, men også partier med skogsbunn. Kalkrikt og forholdvis tørt.";"Middels artsrik natureng/tørreng dominert av dunhavre, dunkjempe, gjeldkarve, lintorskemunn, gulmaure, småengkall, blåklokke, tiritunge og harerug. Sesongfuktige partier med mye smalkjempe og blåknapp, samt grønnkurle. Også oppgjødslede områder m";"Beites ekstensivt, trolig vår/høstbeite med sau. Det var ikke dyr på lokaliteten under befaringen. Beitetrykket er noe svakere enn ønskelig. Det har blitt ryddet en del lauvtrær i det seinere.";;For å bevare naturverdiene er det viktig at det opprettholdes et godt beitetrykk (moderat til ekstensivt beite er det beste). Lokaliteten må ikke gjødsles.;;"En nær truet art påvist, men forekomsten er sparsom og lokaliteten er liten. Verdien blir derfor lokalt viktig (C).";0;0;;;;BN00050840;0515;7932.309570;353.162501;5;D04 5-20
292355.50037649093;6762487.392943522;105766;BN00073931;0;0;0;Måsetra;78782.64887780001;1415.25202697000;BN00073931;D04;B;2006/07/05;1;D0404;1;0;7;0;0;0;"Denne lokaliteten er kartlagt som en del av et kulturlandskapsprosjekt (Supplerende kartlegging av kulturbetinget biologisk mangfold i Hedmark). Områdebeskrivelse, verdibegrunnelse og egenskaper kan derfor avvike noe fra det som ville blitt resultatet v";;;;;;;;;0;0;;;;BN00073931;0403;78782.649292;1415.252027;3;D04 20+
185242.58526699556;6873666.0446076887;71036;BN00050926;0;0;0;Nordigard Valde nord;20162.08332900000;570.81161493700;BN00050926;D04;B;2007/08/06;3;D0407;0;0;7;0;0;0;"Lokalitetsbeskrivelse innlagt av BHL den 26.03.2008, basert på Holten (1999) og eget feltarbeid 06.08.2007.";"Lokaliteten ligger i Nedre Nordherad, ovenfor tunet på Nordigard Valde. Den er skarpt avgrenset og skilt med gjerde mot dyrket mark i sør og skog rundt lokaliteten ellers. Det går et geologisk skille i Nordherad ved Helle. Vest for Helle finnes kambro";"Naturbeitemark, som i de bratteste partiene er ugjødslet. Engtjæreblom (G7a) på deler av arealet, forøvrig noe dunhavreeng (G7b) og sølvbunkeeng (G3) i det østvendte partiet.";"Engtjæreblom dominerende på mindre arealer, sammen med karakteristiske tørrengarter som gulmaure, hvitmaure, blåklokke, tiriltunge og bakkestjerne. Også ettårsknavel, sandfiol, engfiol, fjellrapp, smalkjempe og smånøkkel (NT) ble notert. Smalfrø";"Beites av storfe, og beitetrykket er stort sett bra - noe dårligere i den østvendte delen.";;Fortsatt jevnt beitetrykk med storfe er ideell skjøtsel for lokaliteten. Det må ikke gjødsles eller tilleggsfores her.;;Stort areal med tjæreblomeng (sterkt truet vegetasjontype) og god forekomst av en sårbar art gir grunnlag for å gi lokaliteten verdien viktig (B).;0;0;;;;BN00050926;0515;20162.083130;570.811615;1;D04 20+
289669.16742960422;6754724.7898384854;105773;BN00073938;0;0;0;Skjeseth vestre;33291.77083720000;1120.90105252000;BN00073938;D01;B;2006/07/05;1;D0104;3;1;7;0;0;0;"Denne lokaliteten er kartlagt som en del av et kulturlandskapsprosjekt (Supplerende kartlegging av kulturbetinget biologisk mangfold i Hedmark). Områdebeskrivelse, verdibegrunnelse og egenskaper kan derfor avvike noe fra det som ville blitt resultatet v";;"Det meste a den bratte og sørvendte innmarka er glødslede kunstenger, dog med litt mer enn vanlig av naturengarter som karve og rødknapp.";"På tunet står en gedigen gammel ”søtapal” (Malus x domestica). Den er minst 170 år gammel, og er i dag hul. Det har den vært lenge for Oddveig Huses far kunne gjemme seg inni søtapalen som guttunge (pers. medd. Oddveig Huse 05.07.2006).   Rett";I gjengroing;;;;"Svært vakker beliggenhet og drevet helt tradisjonelt inntil nylig av Oddveig Huse. Hun bor fortsatt å gården, men har sluttet med husdyr og engene er ikke slått de aller siste år; vanskelig å angi verdivurdering. Den lille havnehagen med 10 ulike t";1;0;;;;BN00073938;0403;33291.770264;1120.901053;9;D01 20+
206493.57819916779;6855161.4496040121;71251;BN00051139;0;0;0;Aspen;4239.02034615000;277.76648861800;BN00051139;D01;A;2008/09/22;3;D0107;1;1;7;0;0;0;"Lokalitetsbeskrivelse innlagt av BHL den 08.12.2008, basert på Larsen & Gaarder (2006) og eget feltarbeid 22.09.2008.";"Lokaliteten ligger på oversida Øverbygdsvegen i Nedre Heidal og omfatter tørrbakker mellom vegen/tunet og utmarka. Den er skarpt avgrenset av vegen i sør og av utmark i nord, mens det er noe mer diffus overgang mot gjengrroende eng uten spesielle nat";"Som ledende naturtype er valgt slåttemark med lågurteng (G7) selv om dette bare utgjør ca 20 % av lokaliteten, men dette er den delen som har hevd i dag. Det øvrige arealet er gjengroende naturbeitemark, men som også har store naturverdier intakt fo";"De nedre delene av enga, helt ned mot vegen, er de mest artsrike og verdifulle. Her er det svært grunnlendt og berget stikker fram i dagen flere steder. Det er snakk om en mosaikk av flere vegetasjonstyper typer her; avhengig av fuktighetsforhold, gjød";"Enga slås med tohjuls slåmaskin på de lettest tilgjengelige delene, og med ljå på det øvrige arealet (kanter, knatter og bratte partier) (opplysninger fra grunneier). Enga gjødsles ikke nå, men for 1-2 generasjoner tilbake ble det trolig gjødsle";;"Dagens skjøtsel med slått er ideell for denne dlen av enga og bør fortsette. Ellers er det svært viktig at hevd gjenopptas på resten av arealet, enten med slått eller beite. Det må ikke foretas inngrep i området (eks. utvidelse av vegen), og eng";;"Forekomst av flere rødlistearter deriblant en sårbar art, sammen med flere sterkt/kritisk truete vegetasjonstyper i en velhevdet og ugjødslet slåtteeng, gir grunnlag for verdi svært viktig (A). Den gjengroende naturbeitemarka har noe lavere verdi,";1;0;;;;BN00051139;0517;4239.020630;277.766489;6;D01 0-5
266139.34518276819;6553039.9821562227;76666;BN00056837;0;0;0;Svarteberg II;3249.32329186000;279.92323364300;BN00056837;D04;A;2007/01/01;4;;0;0;7;0;0;0;"Lokalitetskrivelse innlagt av SIS den 15.09.2005: Registrert sist under feltarbeid i august 2000 i forbindelse med arbeid til NP for Ytre Hvaler. En rekke tidligere undersøkelser er foretatt.
Fuktig engvegetasjon på skjellsand. Stor forekomst av den di";;;;;;;;;0;0;;;;BN00056837;0111;3249.323120;279.923234;1;D04 0-5
200012.95418430792;6637973.3118181825;83977;BN00062375;0;0;0;Aslaksrud;979.02742595100;127.80957096400;BN00062375;D01;A;2006/08/08;2;D0104;0;1;7;0;0;0;"Slåttemark øst for bolighuset og rett sør for bilveien. Det er et lite areal, men det er skjøttet på en tradisjonell måte og huser en stor populasjon med kulturlandskapsarten solblom (Rødlista, kategori ”sårbar”). Enga er urterik, med bl a st";;;"Solblom, Sumphaukeskjegg, Flekkmarihand, Ask, Firkantperikum, Knollerteknapp, Storblåfjær, Blåknapp.";Styvingstrær. Tilstand: Enga slås til høy. Både engene og kantene var i god hevd.;;;;"Meget verdifull kulturlandskapslokalitet med solblom, styvingstrær og tidligere registrert fuktig engareal. Arealene holdes i hevd.";1;0;;;;BN00062375;0631;979.027588;127.809571;1;D01 0-5
189482.79264100839;6652592.2491985755;83979;BN00062377;0;0;0;Dåset;16874.35947490000;508.15538656200;BN00062377;D01;B;2006/08/07;2;D0104;0;1;7;0;0;0;"Innmark rundt flere verneverdige bygninger. Næringsfattig, ugjødsla eng, dominert av engkvein, med noen fuktigere partier med en del starr. Midtpartiet klippes. Slått rundt bygningene. Arealene på utsiden av bygningene, mot gjerdet som omringer hele";;"Frisk fattigeng (G4a) og mindre partier med frisk/tørr, middels baserik eng (G7a).";"Hengebjørk, Røsslyng, Ryllik, Nyseryllik, Tyrihjelm, Engkvein, Gråor, Gulaks, Rundbelg, Blåklokke, Harestarr, Bleikstarr, Hvitbladtistel, Liljekonvall, Sumphaukeskjegg, Hundegras, Flekkmarihand, Sølvbunke, Smyle, Engnellik, Ormetelg, Geitrams, Skogs";"Sentrale partiet slås med klipper. Rundt bygningene slås med ljå. Høyet samles ikke opp. Tidligere bruk: beite og slått. Tilstand: Slått rundt bygningene. Slått må foretas også helt ut mot gjerdet, hvor oppslag av firkantperikum viser at engene";;Trusler: Gjengroing fra kantene. Innsåing av plengras. Kulturspor: Fint bevarte bygninger. Bygdetun.;;Mesteparten av engarealet som slås årlig huser en typisk næringsfattig vegetasjon. Forekomst av en del nitrofile arter rundt bygningene. Små verdifulle arealer med knauser og fukteng som bidrar med mange arter til det totale mangfoldet. Som helhet v;1;0;;;;BN00062377;0631;16874.359375;508.155387;5;D01 5-20
246589.67727512648;6784489.1907825926;98382;BN00069411;0;0;0;Myra;9515.31813825000;418.26551380000;BN00069411;D04;C;2007/08/16;4;;0;0;7;0;0;0;"Kupert og sørvendt beitemark som har vært preget av en del gjengroing,
men hvor beite igjen er gjenopptatt og en del kratt blitt ryddet de siste årene. Beitemarka er
tresatt, med gran (Picea abies) som dominerende treslag. Floraen er overraskende triv";;Frisk fattigeng (G4) etc.;Ingen kjente;Hevdstatus: Middels;;"Potensialet for artsrik beitemark er begrenset pga. høy
næringsstatus, men vil kanskje bedres på sikt dersom området beite tilstrekkelig. Beite må
opprettholdes og trolig økes noe.";;"Lokaliteten er gitt verdien C (Lokalt viktig), da det ikke er kjent spesielt
interessante arter eller artssamfunn herfra.";0;0;;;;BN00069411;0501;9515.318237;418.265514;9;D04 5-20
217706.40830985649;6813528.4085894292;108707;BN00021968;0;0;0;"Roa, slåtteenger";21118.96367480000;789.36502542100;BN00021968;D01;B;2010/07/23;0;D0107;0;1;7;0;0;0;"Lokaliteten har artsrike enger i tidlig gjengroingsfase, mens tørrbakker og grunnlendte partierer fortsatt er intakte.  I 2009 var de bratte partiene i gjengroingsfase, mange steder med etablering av brennesle og bringebær. De flate partiene som kan sl";Roa ligger som det øverste bruket i Svatsum før man kommer til Dritudalen/Espedalen.;D01 Slåttemark;"I dag er det størst verdi knyttet til den magre og kortvokste vegetasjonen på og rundt tunet og de øvre tørre partiene av innmarka langs veien ned til Nedre Roa. Tre rødlistearter og flere regionalt sjeldne arter vokser her. 
Øvre Roa er nylig fra";Trusler er opphør av hevd og gjengroing.;;;;"Tørre enger med rødlistearter, blant dem en sårbar art, gir verdi B - viktig naturtype.";1;0;;;;BN00021968;0522;21118.963379;789.365025;1;D01 20+
167636.50701115263;6875962.3431092324;96288;BN00068382;0;0;0;"82/4 Søre Øverlid, beitemark (24)";8389.31894361000;451.25533590300;BN00068382;D04;B;2006/07/04;4;D0407;3;0;7;0;0;0;;"Gardslandskap med innmark, innmarksbeite. Beitemarka ligger nordøst for sødre tunet til Søre Øverli i den sørvendte lia. Terrenget er steinet og kupert. Grunnfjellet ligger fritt flere steder.";;;"Området er delvis preget av gjengroing, delvis åpent og artsrikt, og grenser til både andre artsrike beitemarker, dyrka mark og skog. Beitemarka er rik på strukturer pga. av sterkt varierende jordforhold og grad av gjengroing med enkelte trær og tet";;;;Beitemarka på Øverli har både gjengrodde delområder og delområder med velutviklet tørrengvegetasjon og karakteriske arter. Området har god potensiale for å bevare og eventuelt utvide sitt artsmangfold ved sterkere beiting og rydding. Området lig;0;0;;;;BN00068382;0514;8389.318970;451.255336;2;D04 5-20
167868.64221947963;6875703.3200609731;96289;BN00068383;0;0;0;83/1 Sjurgard (18);23772.69467460000;1103.49615746000;BN00068383;D04;B;2006/07/05;3;D0407;3;0;7;0;0;0;;"Gardslandskap med innmark, gammel husmannsplass. Området hører til Sjurgard og ligger ovenfor veien mot Øverli. Beitemarka er sørvendt og terrenget bratt og kupert, delvis steinet. Området grenser mot annen verdifullt naturbeitemark og interessante";;;"Området er sammensatt av åpne delområder, treklynger og delområder som er preget av gjengroing med trær og busker. I tillegg er det mange kulturminner bl.a. husmannstufter, vantningsveiter, gamle veier, bakkemurer og steinrøys. Området har derfor";;;;"Området er et større, svært sammensatt område med viktige biologiske og kulturhistoriske verdier. Det er registrert en rødlisteart. Dunhavre-enger er en sterkt truet vegetasjonstype som er svært viktig å bevare. Det er mange spor etter gamle drift";0;0;;;;BN00068383;0514;23772.694336;1103.496157;5;D04 20+
168157.94044918483;6875190.1107624099;96290;BN00068384;0;0;0;"84/10 Bjørkheim, Honn (28)";11745.51295740000;541.96318425800;BN00068384;D04;B;2006/10/12;3;D0407;1;0;7;0;0;0;"Gardslandskap med innmark. Deler av beitemarka har grodd igjen med tre og busker, mens andre deler fortsatt er åpne og har et tett feltsjikt. Det er enkelte styvingstre i området som har mosaikkpreg pga. ulik gjengroingsgrad og variende grad av fuktigh";Beitemarka ligger i lia ovenfor garden Honn og ovenfor veien ved Honn-krysset i Nørdre Li. Området er bratt og vender mot sør.;;;;;;;"Deler av beitemarka har fortsatt beitepreg og artsrik tørrengvegetasjon med en registrert rødlisteart. Større deler i øst har et tett tresjikt, og beitepress i hele området er forholdsvis lavt. Området har også kulturhistoriske verdier med bl.a. e";0;0;;;;BN00068384;0514;11745.512817;541.963184;4;D04 5-20
144037.38756589641;6748176.9528981932;108970;BN00076852;0;0;0;"Espegard, nord for (70/4,5, 70/8)";16991.56894650000;699.02058141500;BN00076852;D04;C;2008/07/27;0;D0404;0;0;7;0;0;0;Feltregistrering av lokaliteten ble foretatt av Kristina Bjureke i 2008. Ask rådgivning har gjennomgått og innarbeidet områdebeskrivelsen.;"Leveld utgjør et rikt og variert kulturlandskap og er spesielt på grunn av at den karakteristiske teigdelingen i innmarka er inntakt. Her er viktige arealer for biologisk mangfold, bl a slåtte- og naturbeitemarker, artsrike veikanter, rike myrsig, kal";"Espegard, nord for, ligger i mellomboreal vegetasjonssone i et gårdslandskap med naturbeitemark. Friskt beite på nedersiden av kjerreveien som begynner nedenfor Underberget og går rett vest. Engen var godt nedbeita av hest. Enga viser noen tendenser t";"Langs kantene mest artsrikt med aurikkelsveve, kattefot, småsyre, fjellmarikåpe, følblom, ryllik med mer. Ellers arter som engkvein, harerug, blåklokke, prestekrage, sølvbunke, gulaks, rødknapp, engsyre, hvitbladtistel, setergråurt, firkantperikum";"Trusler: Gjengroing, om beitet opphører. Bruk av kunstgjødsel.";;;;"Beita myr er en sjelden naturtype. Variert biotop med fuktige, friske og tørrere partier. Tilsammen gir dette B-verdi. Ugjødsla kulturlandskap i et helhetlig større areal av nasjonalt verdifullt kulturlandskap. Beitemark i god hevd. Arealet må ikke";0;0;;;;BN00076852;0619;16991.568604;699.020581;8;D04 5-20
270727.58693247539;6569542.0908115469;95613;BN00068197;0;0;0;Katrineborg V;13707.53903610000;702.08441037800;BN00068197;D01;B;2009/05/19;4;D0104;0;1;7;0;0;0;"Lokaliteten ble kartlagt den 19.05.2009 av BioFokus ved Ola Wergeland Krog, Terje Blindheim og Arne Laugsand. Lokaliteten er tidligere kartlagt iforbindelse med konsekvensutredning av golfbaneprosjekt (Wergeland Krog og Løfall 2007).";"Avgrensningen gjelder slåtteeng øst for Katrineborg. Det avgrenses mot steingjerde, vei og andre naturtyper i vest og sør og mot åker i øst og nord.";"Fra kartlegging i 2007: “Gjengroende slåtteeng dominert av engreverumpe og hundekjeks. Innimellom er det imidlertid flekker med mer urterik vegetasjon, helst på tørrere lokaliteter.” Pr 2009 virker tilstanden med delvis gjengroing å være den sam";"Av typiske slåttemarksarter ble det notert: dvergminneblom, bakkeknavel, firfrøvikke, nyresildre, gulaks, småsyre, hvitkløver, rødkløver, sølvmure, markfrytle, bakkeveronika.";Opphør av slått.;;Enga bør skjøttes som slåtteeng med sen slått og ingen tilførsel av gjødsel. Dette vil på sikt føre til økt artsrikdom i enga.;;"Delvis gjengrodd slåtteeng, men vegetasjonstypen er truet og  lokaliteten vurderes til  viktig (B).";1;0;;;;BN00068197;0106;13707.539063;702.084410;2;D01 5-20
279176.46312320809;6699021.2733804844;115728;BN00036620;0;0;0;Tajet;10740.79730370000;556.43420888300;BN00036620;D01;C;2009/09/01;3;D0112;4;0;7;0;0;0;Tajet ble registrert i 2003. Lokaliteten ble gitt verdi “viktig” bla på grunn av forekomst av solblom. Denne ble ikke gjenfunnet i 2009.;"Lokaliteten består i hovedsak av friske/ fuktenger til noen mindre, tørrere områder nedenfor gården på Tajet. Gjennom hele lokaliteten renner en bekk der bekkeløpet stedvis er utflytende slik at vann renner inn over teigene. Møt øst avgrenses lok";Naturtypen er sumpskog er i overgangen mellom sumpskog og fukteng. Næringstilgangen ser ut til å værte god m ed rikelig avsetning fra bekken. Dersom gjenngroingen fortsetter vil vegetasjonen gå over til sumpskog/høgstaude lauvskog. Lengst nord ved t;"Lokaliteten er ikke spesielt artsrik fordi kratt har tatt over i busksjiktet og fortrengt slåtteengartene. Lengst nord finner likevel fremdeles naturengarter som gjeldkarve , rødknapp og kornblomst. I fuktige områder vokser også ballblom. Det er tidl";"Gjengroing er største trussel. Bekkeløpet er også gått ut over “breddene”, slik økologien er endret store deler av lokaliteten.";Kjempespringfrø;"Lokaliteten må regnes som tapt -med mindre det settes i gang strakstiltak. I så fall må kratt ryddes, bekkeløp renskes og teigene slås årvisst etter medio juli";;Det ble ikke gjort gjenfunn av solblom. Lokaliteten har fremdeles slåttengelementer som regnes som lokalt viktig;0;0;;;;BN00036620;0239;10740.797363;556.434209;10;D01 5-20
231090.83477165675;6805994.5342437997;108676;BN00076554;0;0;0;Nordeng;10700.08925050000;588.17167912300;BN00076554;D01;B;2009/09/02;4;D0104;1;1;7;0;0;0;Områdebeskrivelse lagt inn av BHL basert på eget feltarbeid den 2.9.2009. Undersøkt i forbindelse med søknad om tilskudd til å holde biologisk viktig innmark i tradisjonell hevd. Også undersøkt i forbindelse med tilskudd over den samme ordningen i;"Lokaliteten ligger der Dørdalen munner ut i Vestre Gausdal, nedenfor bruket Nordeng på østsida av dalen. Den er skarpt avgrenset mot omkringliggende miljøer (skog, veger og dyrket mark) rundt det hele. Berggrunnen i området består av kambro-ordovic";"Slåtteeng som bærer preg av tidligere gjødsling på det meste av arealet, men som har ugjødslede og magre partier sentralt i de bratteste delene. Her er det både gulaks-engkvein-eng (G4a) og tendsens til både tjæreblomeng (G7a) og dunhavreeng (G7b";"Beskrevet slik av Larsen (2006): Bratt, gjødslet og overflatedyrket slåtteeng. Enga var nylig blitt slått på befaringstidspunktet. Nitrofile og næringskrevende arter som løvetann, firkantperikum, skogstorkenebb og engsoleie dominerte på hele areal";Slås på ettersommeren/tidlig høst med tohjuls slåmaskin.;Ikke registrert.;"Fortsatt slått med tohjuls slåmaskin er den beste skjøtselen lokaliteten kan få, og trolig vil artsmangfoldet bare øke framover når enga magres ned med årlig slått.";;Slåtteeng i hevd med ugjødslede partier hvor det forekommer en rødlisteart og en truet vegetasjontype gir grunnlag for verdi viktig (B). Dette er en sjelden naturtype i regionen.;1;0;;;;BN00076554;0522;10700.089355;588.171679;9;D01 5-20
351425.94953074446;6706722.7176077468;99467;BN00039587;0;0;0;Sollia V;13468.31098780000;501.31908862100;BN00039587;D04;B;2008/07/02;4;D0404;3;0;7;0;0;0;Lokaliteten ble inventert av BioFokus ved Øivind Gammelmo 02.07.2008. Området er tidligere besøkt av Jan Wesenberg.;"Sollia vestre er et torp som ligger rett nord for Sollitjennet og sør for Haugsberget på Grue Finnskog. Avgrensingen gjelder beite-/slåttemarka på torpet Sollia vestre, samt noe areal med rydningsrøyser og buffersoner. Beskrivelse: Bruket har innmar";;"Ingen sjeldnere arter observert, men lokaliteten ser ut til å ha en rik insektfauna.";;;Området bør ryddes og holdes åpent.;;Lokaliteten ligger som en øy i skoglandskapet og er oppholdssted for en rekke arter som ikke finnes i skogen omkring. Området vurderes til B-verdi.;0;0;;;;BN00039587;0423;13468.311523;501.319089;10;D04 5-20
248267.79372239506;6641772.4904341111;126959;BN00047583;0;0;0;;17724.63875340000;648.49771420500;BN00047583;D01;C;1999/01/01;4;D0106;0;0;7;0;0;0;"Innledning: Områdebeskrivelse innlagt av BioFokus i 2000. Naturtypeangivelsen er revidert 12.05.2011 av Kim Abel i forbindelse med opprettelsen av den utvalgte naturtypen åpen grunnlendt kalkmark.
Beliggenhet og naturgrunnlag: 
Naturtyper, utforminger";"
";"Et område med kalkfuruskogspreg, men det er sannsynligvis foretatt en del tynning av trærne et stykke tilbake i tid. Det lysåpne miljøet har bidratt til artsrike og vakre blomsterenger, blant annet med den nasjonale ansvarsarten dragehode. Slike omr";"
";"
";"
";;;;0;0;;;;BN00047583;0220;17724.638550;648.497714;3;D01 5-20
225423.1053135081;6575763.2394123701;127424;BN00084599;0;0;0;;2415.80966082000;189.33441731800;BN00084599;D04;B;2007/07/14;2;D0407;2;0;7;0;0;0;;"Knaus og tørreng med rikelig med engtjæreblom rett nord for Løke nedre. Ligger på nordsiden av vei 295, Løkeveien. Høyde over havet: 50 m";Artsrik tørreng/tørrbakke med dominans av engtjæreblom og engkvein.;"Mye øyentrøst, ellers forekomst av gulmaure, engnellik, hvitmaure, smalkjempe, prikkperikum,engknoppurt, rødknapp, engfiol, prestekrage, gjeldkarve, mørkt kongslys, rødknapp, markjordbær, firkantperikum og hårsveve. På knausene vokste smørbukk,";"Påfallende åpent og uten gjengroing. 
Inngrep: Ingen. 
Trussel: Gjengroing.
Bruksmåte: Synes ikke å være i bruk.";;;"Leirjordsbygdene på Østlandet (jfr NIJOS-rapport 10/2005, Nasjonalt referansesystem for landskap).";"Ugjødsla, artsrik tørreng. Noe uheldig påvirkning fra omkringliggende intenst dyrka mark. Arealet burde brukes til (kalve)beite.";0;0;;;;BN00084599;0720;2415.809204;189.334417;8;D04 0-5
233446.01153513676;6668046.0763130737;130592;BN00084795;0;0;0;;4893.41854536000;513.89438844600;BN00084795;D01;B;2012/09/14;4;D0117;2;1;3;0;0;0;"Lokaliteten er undersøkt av Tor Kristensen 10.8.2009. Kontrollert av Tom H. Hofton (BioFokus) 14.9.2012 ifbm. kartlegging av områder med potensial for naturtypen ""åpen kalkmark"" i Buskerud, eksisterende beskrivelse vurderes som stort sett tilfredsstil";"Lokaliteten ligger ved vegen ned til gårdsbruket Enga, Svarstad på Bønsnes. Lokaliteten er for det meste omkranset av jorder. En enebolig med plen grenser inntil enga i vest. En gårdsveg krysser lokaliteten.
";"Lokaliteten består av en kalkrik tørreng. Enga er åpen med få busker og trær. Furu, syrin og kjøttnype ble registrert.
";"Av arter ble det registrert engtjæreblom, bergmynte, hvit jonsokblom, gulmaure, engknoppurt, åkervindel, gul gåseblom, blålusern, blåbringebær (NT), hårsveve, fagerknoppurt, flatrapp, oksetunge, harekløver, nikkesmelle (NT), dunkjempe, bakkemynte";"Tørrenga er åpen, men i gjengroing, og bør slås. Utbygging eller andre tekniske inngrep er også en trussel.
";"
";"Enga er i gjengroing, og har stort behov for skjøtsel i form av regelmessig seinsommerslått (ca hvert 2. til 3. år er trolig tilstrekkelig).";;Lokaliteten er vurdert som viktig (B) da det er en velutviklet kalkrik tørreng med forekomst av rødlistearter og flere uvanlige arter.;1;0;;;;BN00084795;0612;4893.418823;513.894388;9;D01 0-5
314081.84179691022;6653316.5084923161;139116;BN00066311;0;0;0;;35030.68431920000;1204.90687882000;BN00066311;D01;A;2010/07/15;4;D0117;0;1;7;0;0;0;"Lokaliteten ble valgt ut som utvalgt slåttemark i Akershus i 2010 i henhold til Handlingsplan for slåttemark. Småbruk på ”Skauen”. Plassen ligger ganske høyt, 280-305 m o h, men er sørvendt. Det medfører at bakkene her blir forholdsvis tidlig";"Tunet ligger på et lite platå nord for bilveien. Sør, øst og spesielt nord for tunet er større engarealer som til ulike tider vært brukt til beite og slått. Størsteparten, spesielt skråningene, kan karakteriseres som ugjødsla slåttemark med la";"Slåttemark. Utforminger:
Frisk fattigeng (G4a), 
Finnskjegg/sauesvingel-eng (G5c), 
Bergknaus og bergflate, knavel-småbergknapp-utf (F3c),
Våt/fuktig middels næringsrik eng (G12a)";"I skråningene nord for tunet vokser arter som bakkesøte, brudespore, flekkmarihånd, grov nattfiol, flekkgrisøre, harerug, karve, engfiol, knegras, jonsokkoll, tepperot og rødknapp. Det er verdt å notere seg at på Mikkelrud vokser både smalkjempe";Engene har lang kontinuitet det har ikke kommet frem opplysninger om perioder med opphør av driften. Engene har vært slått med ljå og til tider brukt til høst- og vårbeite. Grunnen er næringsfattig og engene er ugjødslete. Et unntak er ekrene nor;Ingen registrerte.;"Årlig dugnad med ljåslått og botanikkformidling i regi av Norsk Botanisk Forening en søndag midt i august. Det må ikke gjødsles innen lokaliteten. Dette er meget viktig, da dette vil redusere det biologiske mangfoldet i slåttemarka.";Ja;"Større areal med eng som har vært i kontinuerlig hevd i 300 år. Størsteparten av arealet har vært brukt som slåttemark, men gjennom disse årene har deler vært pløyd opp til åker og deler har vært beita. Den seneste tiden har hele arealet vært";1;0;;;;BN00066311;0221;35030.685059;1204.906879;10;D01 20+
311544.54754932143;6664890.3977053007;139128;BN00092284;0;0;0;;12247.77434900000;604.08932266000;BN00092284;D01;A;2011/07/08;0;D0104;0;1;7;0;0;0;Svarthus er en av de få plassene som fortsatt er i drift og hvor grunneierne bor året rundt på plassen. Nær bolighuset finnes areal med slåttemarksvegetasjon og et større fuktig engsareal som vært slått. Tidligere har her vært småbruk med ulike;"Svarthus ligger på 260-270 m o h ved en liten vei som går ned på sørsiden av Rakeieveien mellom Årnes og Bjørknessjøen.
Berggrunnen er kalkfattig og næringsfattig.";"Slåttemark - Utforming:
Frisk fattigeng: engkvein-rødsvingel-gulaks eng (G4a)
Finnskjegg/sauesvingel-eng (G5c)
Bergknaus og bergflate (F3)
Slåttemyr - Utforming:
Fuktig fattigeng (G1)";"Lokaliteten har høy biologisk mangfold. Arealet som defineres som slåttemark og slåttemyr er middels stort og huser minst 103 ulike arter av karplanter (se tabell).
Den steinete slåttemarka sør-øst for tunet er den mest artsrike, den har ikkje vær";"Svarthus er på omtrent 30 mål innmark, med naturbeitemark, slåttemark og slåttemyr. Opprinnelig var det en gammel husmannsplass, hvor Anders Eriksen og Berte Andersdatter var husmannsfolk i 1804. Ved tellinga i 1804 besto besetningen av 1 ku, 2 sauer";Plassen er heldigvis fri fra problematiske fremmede arter.;"Målsettingen er å opprettholde et levende kulturlandskap og opprettholde årlig slått. Målsettingen er også å bevare og opprettholde artsmangfoldet ved ikke å bruke kunstgjødsel eller innføre fremmede arter på engene.
Grunneierne har hest og br";Arealene med eng ved Svarthus er en rest av et tidligere mosaikklandskap med ulike kulturlandskapstyper rundt de omtrent 50 brukene på ”Skauen” på Nes. Flertallet av de gamle husmannsplassene og gårdene er nå ute av drift. Engene ved Svarthus har;"Ugjødslet slåttemark og slåttemyr er truete naturtyper og har betegnelsen prioriterte naturtyper. Plassen må regnes som en verdifull kulturavhengig lokalitet, en viktig levende genbank for kulturavhengig biologisk mangfold. Verdien A kan ikke begrunn";1;0;;;;BN00092284;0236;12247.774170;604.089323;8;D01 5-20
258556.43964497466;6639257.882067346;139129;BN00092294;0;0;0;;936.34592528000;149.08234639600;BN00092294;D01;B;2012/07/15;0;D0104;0;1;7;0;0;0;"Engområdet har tidligere vært utmark under Søndre Solberg gård, og siden Solberg gård (sammenslått), men ble utskilt til en stor naturtomt (hytte/bolig) ca. 1930. Engområdet, som skilles fra innmarka med et gammelt steingjerde, har vært regelmess";"Lokaliteten ligger på Nesoddhalvøyas østside, ca. 75 m o h. Engområdet heller mot øst, og er avgrenset av et gammelt steingjerde i overkant og plenområde/opparbeidet hage i nedkant. Området veksler mellom knauser med tilhørende skrinn vegetasjon";"Området består av gammel velskjøttet kulturmark, som sannsynligvis har lang kontinuitet. Området er adskilt fra innmarka med et steingjerde, og har trolig opprinnelig vært beitet/slått og holdt åpent ved rydding og brenning.  Området er i dag å";"Området har en artsrik engflora. Marianøkleblom, fagerklokke, prestekrage, knollmjødurt (NT), rødknapp, bergmynte, gulaks, tiriltunge, engtjæreblom, hvitbergknapp, nyresildre, stemorsblomst, markjordbær og smørbukk er vanlige og til dels domineren";Området slås og ryddes årlig om høsten (september). Graset fjernes. Trærne er i stor grad oppstammet og flere yngre trær fjernet de siste 10 årene (til dels ringbarket). Enkelte hageplanter er plantet inn mens andre fremmede planter med høy økol;Det er gjennomført omfattende bekjempelsestiltak gjennom en årrekke for å bli kvitt svartelistede planter i tilknytning til enga. Det har tidligere vokst mye gravmyrt (svært høy risiko) og endel parkslirekne (Svært høy risiko) i kanten av enga. Di;Se skjøtselsplan;"Det var tidligere sannsynligvis store arealer med gammel kulturmark på nedsiden av den fulldyrka marka på Solberg gård. Disse arealene er i dag opparbeidet til hyttetomter, med sterkt redusert flora. Whistbakken 42 (7/40), like sydøst for dette engom";En av de mest blomsterrike og velskjøttede arealene med gammel kulturmark i kommunen. Ugjødslet slåttemark i hevd med rik flora er meget sjeldent. Karplantefloraen huser mange av de typiske artene for ugjødsla slåttemark og området er i tillegg kal;1;0;;;;BN00092294;0216;936.346069;149.082346;3;D01 0-5
252699.77535092208;6625558.42736152;139144;BN00050177;0;0;0;;7031.59804014000;392.20593272000;BN00050177;D01;A;2012/09/04;4;D0117;2;1;7;0;0;0;"Lokaliteten ble først registrert i 1996, og er deretter grundigere kartlagt og beskrevet av Often et al. i 2001.  Beskrivelse og avgrensning er oppdatert av BioFokus ved Anders Thylén i 2012, i forbindelse med utarbeidelse av skjøtselsplan for slåtte";"Lokaliteten ligger ut mot fjorden ved Sandbukta på vestsiden av Hallangstangen i Frogn kommune, Lokaliteten grenser i vest mot fjorden, i øst mot skog og i sør mot tomt med plen og parkering. Berggrunnen består av granittisk øyegneis, mens løsmasse";"Naturtypen er en slåttemark (D01) i grenseland mellom middels og meget baserik eng. Selv om området ikke ligger på kambrosilur-berggrunn og noen av de mest krevende artene mangler, så motiverer artssammensetningen til at området føres til utforming";"I kantene av området vokser edelløvskog med lind, alm, lønn m.m. Geitved forekommer spredt og i den vestre stripa finnes en del kratt av slåpetorn, roser, krossved, villapal og enkelte hagtorn. Bergasal er tidligere funnet i området. Karplanteflorae";"Gården har siden 1913 vært eid av Frogner menighet i Oslo, som har brukt den som feriekoloni for barn. Enga har trolig vært sånn noenlunde holdt i hevd fram til det at det ble slutt på kolonivirksomheten en gang på 1970-tallet. I 1997 kom gården i";"I kantene av enga, spesielt på østsiden, er det forekomster av framfor alt kjempespringfrø og kanadagullris (begge SE - svært høy risiko, iht. Norsk svarteliste 2012). Hvitsteinkløver, lupiner og vinterkarse (alle SE) forekommer og. Nede i strandk";Det er laget en detaljert skjøtselsplan for området. De viktigste tiltakene er årlig slått og krattrydding. Det er spesielt viktig at gresset fjernes etter slått. Mot skogen i nordøst og i den vestre stripen bør det åpnes opp ved å fjerne en del;"Områdene rundt Sandbukta er generelt ganske artsrike med en mosaikk av strandsoner, kanter, edelløvskog og små engflekker. Den rike engtypen er i Oslofjord-området uvanlig utenfor kambrosiluren.";"Artsrik slåtteeng på baserik grunn, til dels på skjellsand. Uvanlig rik og krevende flora for å være utenfor kambrosilurområdene ved Oslofjorden. Enga blir fortsatt slått, men den er noe negativt påvirket av gjengroing, slitasje etc. Tilleggsverd";1;0;;;;BN00050177;0215;7031.598511;392.205933;1;D01 5-20
242316.27835892182;6748835.5246493146;139435;BN00092501;0;0;0;;21786.85794410000;736.18686467100;BN00092501;D01;A;2011/07/12;4;D0107;3;1;7;1;0;0;"Kartleggingen ble utført av Miljøfaglig Utredning AS i 2011. Skjøtselsplanen er utarbeidet av Torbjørn Høitomt den 8. februar 2012. Den er basert på eget feltarbeid 12. juli 2011. Lokaliteten består av ei sørvestlig eksponert, stor og til dels ga";"Lokaliteten ligger noen hundre meter nordvest for gården Råum i Fluberg. Langenga var tidligere en husmannsplass under Råum. Lokaliteten heller for det meste svakt til sterkt mot sørvest. Berggrunnen i området er middels rik til rik, bestående av l";Slåttemark hvor utforming/vegetasjonstype på store deler av arealet er middels baserik eng. Naturtypen er kulturmarkskalkeng etter NiN-systemet.;"Slåttemarka har en artsrik karplanteflora og et stort potensial for sjeldne og truete beitemarksopp. Forekomsten av naturengplanter som indikerer liten/ingen gjødselpåvirkning og langvarig hevd er høyt i intakte partier av enga, og omfatter blant ann";"Lokaliteten er trolig opprinnelig hevdet med slått, men kan også i en periode blitt brukt til beite. Alle former for hevd har nå opphørt, og enga er i gjengroing. De øvre, mest næringsfattige delene gror veldig sakte igjen og innehar fortsatt store";;Denne tidligere slåttemarka har delvis beholdt et stort artsmangfold. En gjenopptakelse av tradisjonell slått vil sikre ei artsrik slåttemark med et stort innslag av krevende arter. Av hensyn til biologisk mangfold bør eventuell slått skje en gang i;Lokaliteten inngår i et område med rik berggrunn og høy dekning av rike vegetasjonstyper;"Stor og intakt lokalitet som selv etter flere år uten hevd fortsatt innehar store tørrengverdier. Lokaliteten føres til naturtypen slåttemark som er rødlistet som sterkt truet (EN) Artsrik tørrbakkevegetasjon med mange krevende arter, god tilstand";1;0;;;;BN00092501;0536;21786.858154;736.186865;5;D01 20+
258807.77460581239;6649991.3748576548;141228;BN00064663;0;0;0;;639.63811644500;122.73617788300;BN00064663;D01;B;2004/11/02;4;D0106;0;1;7;0;0;0;"Lokalitetskrivelse, basert på NINA rapport 77 (Bendiksen et al. 2005), innlagt av FNB den 25.01.2006: Områdebeskrivelse På nordvestsiden av Dronningberget ligger et dyrket jorde. Like før den dyrkede marka begyn-ner, ved en grusvei, ligger en kalktø";;"Vegetasjon og flora: Karakteristiske og til dels kravstore naturengarter dominerer. Dette er arter som dunhavre, tjæ-reblom, hjorterot, nakkebær, knollmjødurt, blodstorkenebb, bakketimian, bergmynte, krattso-leie, kalkgrønnaks, krattalant, hvitmaure,";Artsmangfold og sjeldne arter: Krattsoleie er en uvanlig art på Bygdøy. Krattalant og kalkgrønnaks er også blant de mindre frekvente av de kalkkrevende artene som er karakteristiske for Indre Oslofjord. Ingen rød-listearter er dokumentert.;"Området er kulturbetinget, holdt åpent gjennom beite og tidligere helt sikkert også slått.";;"Området må slås for å unngå gjengroing. Gjøds-ling og bruk/kjøring med landbruksmaskiner bør unngås for å ta vare på områdets kvaliteter. Det foreligger alltid en risiko for ødeleggelse av slike restbiotoper ved traktorkjøring, utvidelser a";;"Verdibegrunnelse og forvaltningsforslag: Arealet utgjør et interessant lite kulturlandskapselement med flere lokalt mindre vanlige arter. Det anbefales at området inkluderes i Dronningberget verneområde, selv om plantesamfunnet og skjøtselsbehovet sk";1;0;;;;BN00064663;0301;639.637817;122.736178;5;D01 0-5
254484.75940800499;6701261.6911446415;142645;BN00093723;0;0;0;;249.83232399500;65.78736984730;BN00093723;D01;A;2011/07/07;4;D0106;0;1;7;1;0;0;"Kartleggingen ble utført av Miljøfaglig utredning AS i 2011, her ved Bjørn Harald Larsen. Skjøtselsplan utformet av Bjørn Harald Larsen 25.1.2012.";"Lokaliteten ligger på nedsida av en hage i Jorstadlinna 9, i kanten av dyrkemarka på Engestad. Berggrunnen i området er bygd opp av kalkstein og skifer, fra kambrisk til tidlig-ordovicisk tid (Oslofeltet). Det er finkornede løsmasser her, tilsynelate";"Slåttemark i hevd med åpen kalklågurteng, med unntak av noe bringebær og nyperosekjerr i øvre del. Vegetasjonstype er tørr, meget baserik eng i lavlandet (G6, enghavreeng), med innslag av frisk, næringsrik ""gammeleng"" (G14) i kantene. Naturtype et";"Dragehode ble registrert med 5 blomstrende og 5 sterile eksemplarer (stengler/skudd) i øvre del av slåtteenga. Av andre noe kravfulle arter ble enghavre, piggstarr og marinøkleblom registrert. Det ble og registrert dunhavre, gulmaure, hvitmaure, smør";"Lokaliteten slås i følge grunneier hver høst, og graset fjernes ved raking. Dette er meget en god skjøtsel for enga, og det er ingen negative utviklingstrekk å registrere. Selv om den ligger nært inntil en hage, ble det ikke funnet
hageflyktninger";;"Det bør fortsettes med slått på høsten med etterfølgende raking (helst etter at graset har ligget og tørket et par dager på bakken), samt klippe ned bringebær hvert år.";;"En liten forekomst av dragehode, men ei slåtteeng med tradisjonell og god hevd gjør at dette allikevel er en klar A-lokalitet.";1;0;;;;BN00093723;0534;249.832642;65.787370;4;D01 0-5
209108.09688138223;6733196.8490748359;144774;BN00097039;0;0;0;;6850.51338015000;337.44467244100;BN00097039;D01;A;2012/07/06;4;D0116;1;1;7;0;0;0;"Kartleggingen ble utført av Miljøfaglig utredning AS og Kistefos Skogtjenester AS. Skjøtselsplan for lokaliteten er utarbeidet av Geir Høitomt den 19.12.2012, og er basert på eget feltarbeid 6.7.2012. Lokaliteten består av ei slåttemark rett sør";"Lokaliteten ligger rett sør for tunet på Bakkom i Hedalen, på østsida av gardsvegen, og består av slåttemark omgitt av annet kulturlandskap (fulldyrket eng og slåttemark). Berggrunnen i området består av granitt, grå til grårosa, middels- til";"Slåttemark som stedvis er nokså fuktig. Området slås med traktor og er i god hevd. Naturtype etter NiN-systemet er lågurt-kulturmarkseng (T4-3). Vegetasjonstype er frisk/tørr middels baserik eng, flekkgrisøre-eng (G7b).";"Lokaliteten ligger på en sørvendt slåtteeng på mark med varierende fuktighet. Artsmangfoldet er relativt stort og omfatter arter som brudespore, blåklokke, gulaks, engtjæreblom, dunhavre, marinøkkel, bakkesøte (NT), blåfjær, flekkgrisøre, flek";"Dette arealet skjøttes som slåtteeng, og det slås med traktor en gang i løpet av sesongen. Enga vurderes som ugjødslet i nyere tid og ikke pløyd på mange år. I overkant av den avgrensede slåttemark er enga gjødselpåvirket.";Det ble ikke registrert fremmede arter i slåttemarka.;"Det er viktig at skjøtselen med årlig slått fortsetter. Av hensyn til biologisk mangfold bør slåtten skje en gang i året, omkring månedsskiftet juli/august, og graset må fjernes etter slått – fortrinnsvis etter å ha ligget et par dager og tø";Lokaliteten ligger i et større kulturlandskap med aktiv bruk.;"Slåttemarka er ugjødslet, har god hevd og en artsrik karplanteflora– inkludert forekomst av arter som brudespore, marinøkkel, bakkesøte (NT), blåfjær, flekkgrisøre, flekkmarihånd og smalkjempe. Lokaliteten vurderes på bakgrunn av dette som sv";1;0;;;;BN00097039;0540;6850.513550;337.444672;7;D01 5-20
169145.89539500323;6746250.6665960709;147455;BN00099300;0;0;0;;1118.63921381000;157.65281536500;BN00099300;D01;B;2011/06/29;4;D0107;0;1;7;0;0;0;Ny lokalitet. Lokaliteten er tidligere ikke kartlagt i forbindelse med naturtypekartlegging i Gol. Lokaliteten er befart av Jørn Magne Forland 29.06.2011.;"Lokaliteten ligger langs Valdresvegen ved Svøo, Gol kommune. 
";"Lokaliteten er en slåttemark av utforming frisk/tørr middels baserik eng slått. 
";"På østsiden av veien ble rødkløver (mye), hvitbladtistel, marikåpe (mye), engsmelle, skogstorkenebb, harerug, prestekrage, sveve-art, firkantperikum, mjødurt, tepperot, hundekjeks, dunkjempe, gulmaure, legeveronika, ryllik, tyttebær, enghumleblom,";"Lokaliteten blir slått hver sommer og eier mottar tilskudd gjennom landbrukets miljøordninger (Spesielle miljøtiltak i landbruket). Lokaliteten på vestsiden av veien er ganske ensartet og fuktig over det hele, selv om den ligger i hellende terreng. D";;Slåttemarka bør slås sent i juli eller i august slik at alle arter rekker å frø seg. Høyet bør så ligge på bakken å tørke i 3-4 dager for at frøene skal slippes. Eventuelle løvoppslag bør ryddes bort. Bruken av gjødsel bør begrenses. Loka;;Lokaliteten er vurdert som viktig (B) da lokaliteten er en slåttemark som blir holdt i hevd og representerer en utvalgt naturtype på en god måte med sin svært synlige beliggenhet. Lokaliteten er relativt stor og artsmangfoldet er middels høyt.;1;0;;;;BN00099300;0617;1118.639282;157.652815;8;D01 0-5
268276.27333630301;6737187.6965182573;147649;BN00099412;0;0;0;;1864.21215781000;187.84025946400;BN00099412;D01;A;2011/08/30;4;D0104;1;1;7;1;0;0;"Skjøtselsplanen er utarbeidet av Bjørn Harald Larsen den 16. desember 2011. Den er i første rekke basert på eget feltarbeid sommeren og høsten 2011, men med supplerende opplysninger fra tidligere registreringer av Geir Gaarder (Gaarder 1999, 2006).";"Steinberg ligger mellom Sletta og Eriksrud på grensa mellom Østre og Vestre Toten kommune, med hele gårdsanlegget og parken i Vestre Toten. Det er registrert i alt 7 slåttemarklokaliteter på Steinberg, og denne lokaliteten består av en knaus mellom";"Slåttemark med frisk fattigeng av gulaks-engkvein-type (G4a) og frisk/tørr, middels baserik eng av dunkjempe-dunhavre-type (G7b) oppe på knausen og mot hovedvegen.";"Karplantefloraen er bare middels artsrik, men stortveblad er et kalkkrevende og noe eksklusivt innslag. Gulaks er dominerende art sammen med prestekrage og stedvis også dunkjempe. Ellers finnes arter som smalkjempe, blåklokke, harerug, rødknapp, fjell";"Dette arealet skjøttes med plenklipp, som utføres med 1-2 ukers mellomrom avhengig av vekstforholdene. Det benyttes stor plenklipper med oppsamler av gras. Området brukes til parkeringsplass under arrangementer mv. De nedre delene er noe preget av tid";"Det ble registrert en del tusenfryd på lokaliteten. Spansk kjørvel er et stort forvaltningsproblem i Steinbergparken, men her ble den ikke registrert.";"Det er viktig at skjøtselen med plenklipp fortsetter. Av hensyn til biologisk mangfold er det ikke nødvendig og heller ikke ønskelig at det slås oftere enn ca. hver 3. uke, og at plenklippingen avsluttes for sesongen omkring midten av august av hensy";"Lokaliteten er en del av parkanlegget på Steinberg, som har i alt 7 slåttemarksarealer (6 A-områder og ett B-område) med parkmessig skjøttet skog i mellom. Lokaliteten er derfor i høy grad del av et helhetlig kulturlandskap.";Denne slåttemarklokaliteten skiller seg fra de fleste andre lokalitetene på Steinberg ved at den skjøttes med ordinær og hyppig plenklipp. Den har likevel tydelige vegetasjonstyper og en artsrik beitemarksoppfunga – inkludert 3 sårbare arter. Den;1;1;;;;BN00099412;0529;1864.212158;187.840259;7;D01 0-5
316281.9537575646;6780977.0017048884;149400;BN00066603;0;0;0;;881.30955418400;116.10758814900;BN00066603;D01;A;2009/06/11;4;D0107;1;1;7;0;0;0;"Beskrivelsen er innlagt av Helge Fjeldstad den 7.4.2010, basert på egen feltbefaring 21.6.2007, Larsen & Fjeldstad (2008) og Stabbetorp & Often (2003). Avgrensing og beskrivelse er justert i forbindelse med kvalitetssikring av naturtyper i Åmot kommune";"Blikberget ligger om lag 15 km øst for Rena i Julussdalen på grensen mot Elverum. Området er skarpt avgrenset mot skog i øst og gårdstun, skog og artsfattigere eng i sør og øst, samt veg i nord. Berggrunnskartet for området angir fattig sandstein";Det er snakk om en artsrik slåtteng av varierende karakter fra tørr til fuktigere mot skogen i øst.;"Om deler av området skriver Stabbetorp & Often (2003) bl.a.: ”Det er flere små bruk med flekker med ekstensiv og artsrik natureng og naturbeite, Den mest artsrike flekken er naturbeiterundt gårdene Solberg og Sveen. Her er det ganske stor variasjon";"Området kan være utsatt for gjengroing, spesielt på de friskere partiene av engene.";Ingen registrerte.;Lokaliteten bør forbli ugjødslet. Området bør forsatt slås årlig. Om nødvendig bør busker og kratt i utkanten ryddes bort.;"Lokaliteten inngår i kulturlandskapsområdet Blikberget, som fikk verdien nasjonalt viktig kulturlandskap (klasse 1) i kartleggingen av viktige kulturlandskap i Hedmark i 2007 (Larsen & Fjeldstad 2008).";"En svært artsrik slåtteng med flere rødlistede arter og god bestand av solblom, som er den nordligste på Østlandet som er dokumentert i de senere årene, gir verdien svært viktig- A.";1;0;;;;BN00066603;0429;881.309570;116.107588;10;D01 0-5
252977.51108445667;6711235.1064988347;149824;BN00101937;0;0;0;;3840.78424600000;303.69710692100;BN00101937;D04;B;2011/06/22;4;D0434;3;0;7;0;0;0;"Lokaliteten er beskrevet av Bjørn Harald Larsen i Miljøfaglig Utredning 3.3.2015, basert på eget feltarbeid 22.6.2011 i forbindelse med kartlegging av dragehode på Hadeland på oppdrag fra Fylkesmannen i Oppland. Det foreligger ingen tidligere regist";"Lokaliteten ligger langs østsida av Gjøvikbanen et stykke sør for Bleiken stasjon, ca. 100 m sør for der Rundenvegen går i bru over jernbanelinja. Den omfatter et mindre areal med gjengroende beitemark mellom jernbanen og dyrket mark. Mot nord går";"Gjengroende naturbeitemark med dunhavreeng (G7b) på de mest grunnlendte arealene, for øvrig en del næringsrik gammeleng (G14).";"Det ble lett forgjeves etter dragehode på beitet og andre arter ble ikke notert, med unntak av enghaukeskjegg (VU); en liten forekomst ved 32V 582828 6703720. Potensialet for funn av flere kravfulle og rødlistede arter er relativt godt, særlig med for";"Brukshistorien er ikke kjent, men lokaliteten har trolig blitt beitet av storfe tidligere (usikkert hvor lenge siden). Magert på knausene, mens vegetasjonen i forsenkninger bærer preg av tidligere gjødsling.";Ikke registrert.;"Hevd i form av beite med storfe eller hest, helst vår- og høstbeite eller bare høstbeite, anbefales gjenopptatt så raskt som mulig. Det bør ikke tilføres gjødsel på beitet.";"Det er flere verdifulle kulturlandskapslokaliteter på Bleiken, både naturbeitemarker, slåtteenger og ulike kantsamfunn (bla. et par dragehodelokaliteter).";"Med bakgrunn i faktaark datert april 2014 for naturtypen oppnår lokaliteten høy vekt på størrelse, middels vekt for artsmangfold (potensial) og rødlistearter (1 VU-art) og lav vekt for påvirkning og tilstand. Dette gir samlet bare grunnlag for å g";0;0;;;;BN00101937;0534;3840.783936;303.697107;6;D04 0-5
268590.18086788087;6728830.8561066519;149836;BN00101947;0;0;0;;2317.91287198000;256.76843219900;BN00101947;D04;C;2011/06/29;4;D0434;3;0;7;0;0;0;"Lokaliteten er beskrevet av Bjørn Harald Larsen i Miljøfaglig Utredning 9.3.2015, basert på eget feltarbeid 29.6.2011 i forbindelse med kartlegging av dragehode i Østre Toten på oppdrag fra Fylkesmannen i Oppland. Det foreligger ingen tidligere regi";"Lokaliteten ligger sørøst for gården Moldstad og sørvest for Kolbu kirke, øst for Fv.80. Den omfatter en åkerholme helt omgitt av kornåkrer. Berggrunnen i området består av kalkstein og kalkrike skifre, og det er grunt morenedekke på lokalitete";"Åkerholme med dunhavre-eng (G7b) og næringsrik gammeleng (G14) i åpne arealer mot sør og sørøst. En del av åkerholmen er plantet til med gran, men det er også spredte hengebjørk, osp og rogn her. Inn mot tresatte areal er det skogkløverkant (F4";"Kalktørrenger og kantsamfunn med bla. smalfrøstjerne (NT), bakkemynte, dvergmispel, bergmynte, fagerknoppurt, fagerklokke, mørkkongslys, gjeldkarve og gulmaure.";"Åkerholmen har ingen hevd, og trolig er det svært lenge siden den har hatt det, og da trolig i form av brenning og/eller beite.";Ikke registrert.;"Brenning med noen års mellomrom er trolig det mest realistiske å foreslå for denne lokaliteten, noe som også er en nær optimal skjøtsel for engene her.";"Det er kartlagt en rekke små, men verdifulle lokaliteter i kulturlandskapet omkring Røyse og Moldstad i Kolbu, bla. mange dragehodeforekomster.";"Med bakgrunn i faktaark datert april 2014 for naturtypen oppnår lokaliteten middels vekt på størrelse og tilstand, og lav vekt på rødlistearter, artsmangfold og påvirkning. Til sammen gir dette bare grunnlag for å gi lokaliteten verdien lokalt vik";0;0;;;;BN00101947;0528;2317.912231;256.768432;2;D04 0-5
251547.2178898477;6694586.1516658645;149840;BN00101887;0;0;0;;504.40148420900;100.35852316000;BN00101887;D04;C;2011/07/07;4;D0434;3;0;7;0;0;0;"Lokaliteten er beskrevet av Bjørn Harald Larsen i Miljøfaglig Utredning 9.3.2015, basert på eget feltarbeid 7.7.2011 i forbindelse med kartlegging av dragehode på Hadeland på oppdrag fra Fylkesmannen i Oppland. Det foreligger ingen tidligere registr";"Lokaliteten ligger øst forVirstad, en gård nord for Grindvoll på Lunnerhøgda. Den omfatter en åkerholme helt omgitt av dyrket mark. Berggrunnen i området består av knollet kalkstein og kalkholdig skifer (Kalvsjøformasjonen), og det er grunt moren";"Åkerholme med gjengroende kulturmarseng, hovedsakelig dunhavre-eng (G7b) - men også noe næringsrik gammeleng (G14).";"Det ble primært lett etter dragehode (som ikke ble funnet), og artsmangfoldet er derfor noe ufullstendig dokumentert. Imidlertid ble det funnet noe enghaukeskjegg (VU) på åkerholmen, sammen med arter som landøyda, bergmynte, hvitmaure, kalkgrønaks,";"Lokaliteten har ingen hevd, og trolig er det lenge siden den har hatt det; da trolig i form av beite og/eller brenning.";Ikke registrert.;"Brenning med noen års mellomrom er trolig det mest realistiske å foreslå for denne lokaliteten, noe som også er en nær optimal skjøtsel for engene her.";"Det er registret en rekke verdifulle kulturlandskapslokaliteter, både naturbeitemarker, slåttemarker, kantsamfunn og lokaliteter med åpen grunnlendt kalkmark, deriblant mange viktige dragehodelokaliteter, på Virstad og naboeiendommene Oren og Heier.";"Med bakgrunn i faktaark datert november 2014 for naturtypen oppnår lokaliteten middels vekt på rødlistearter og tilstand og lav vekt på størrelse, artsmangfold og påvirkning. Dette gir samlet bare grunnlag for å sette verdien lokalt viktig (C) på";0;0;;;;BN00101887;0533;504.401855;100.358523;10;D04 0-5
207750.81986387385;6776885.2851468669;153860;BN00104027;0;0;0;;7393.56508033000;493.63193374200;BN00104027;D01;A;2009/07/16;4;D0107;1;1;7;0;0;0;"Lokalitetsbeskrivelse og avgrensning utarbeidet av Geir Høitomt 6.12.2010, med bakgrunn i eget feltarbeid 16.07.2009.";"Lokaliteten ligger i Langedalen, ca 2 km nord for Rust. Gardsbruket ligger ca. 700 moh i den vestvendte lia på østsida av Langedalen. Det undersøkte arealet er avgrenset av skogsmark nord, øst og vest, samt av gardstun/gardsveg i øst.
Berggrunnen i";"Lokaliteten består av ei vest-vendt slåttemark. Lokaliteten er relativt brattlendt, med jevn stigning opp fra gardstunet. Noen grunnlendte og tørkesvake partier forekommer, spesielt i øvre del. Fuktige sig skaper betydelig variasjon i arts-sammensetn";"Floraen er svært artsrik med mange arter knyttet til ugjødslet naturbeitermark. Av karakteristiske arter for frisk/tørr middels baserik eng ble notert bl.a. ryllik, engtjæreblom, kattefot, engknoppurt, prestekrage, dunhavre, engnellik, gulmaure, flek";Lokaliteten bærer preg av å være et gammelt kulturlandskap. Informasjon gitt av grunneier bekrefter at arealet er gammel slåttemark. Lokaliteten slås årlig med to-hjulsmaskin og høyet fjernes fra enga. Arealet er trolig ikke vesentlig kunstgjødsl;;Området er i god hevd. Nåværende bruk med årlig slått og fjerning av graset bør fortsette. Lokaliteten må ikke gjødsles og slåttetidspunktet kan gjerne være i sent (juli/august). I øvre kant er deler av tidligere slåttemark i gjengroing. Dett;;Lokaliteten representerer en slåttemark i svært god hevd. Området bærer preg av å være et gammelt kulturlandskap med langvarig slått og lite eller ingen gjødsling. En lang rekke naturengplanter er påvist. Rødlisteartene brudespore (NT) og skjeg;1;0;;;;BN00104027;0541;7393.564941;493.631934;6;D01 5-20
